"","CO2","year","pais","avgAA","no.emig","exports","imports","pop","remit","aid","inflation","unempl","GDP","avgPop","propEmig"
"1","ARG",1995,"argentina",3.3998127340824,52440,1803371008,4206580992,24666,NA,0,3.37611684980124,18.7999992370605,-2.84520961057079,27569.5,0.00190210196049983
"2","ARG",1996,"argentina",3.18675352877307,92774,1974341632,4749123584,NA,NA,0,0.155695900742301,17.2000007629395,5.52668982715234,27569.5,0.00336509548595368
"3","ARG",1997,"argentina",3.394,105734,2204026112,6085211136,NA,NA,0,0.527258257063294,14.8999996185303,8.1110467707457,27569.5,0.00383518018099712
"4","ARG",1998,"argentina",3.30121703853955,120104,2211580160,6227363840,NA,NA,270000,0.920336467095401,12.8000001907349,3.85017885156228,27569.5,0.00435640834980685
"5","ARG",2000,"argentina",2.68888888888889,115978,3148713321,4784868410,26565,NA,-2470000,-0.935939411978643,15.0200004577637,-0.78899893905691,27569.5,0.00420675021309781
"6","ARG",2001,"argentina",2.60267430754537,139375,2900129494,3781205761,NA,NA,-470000,-1.06663550777859,17.3999996185303,-4.40883968258557,27569.5,0.00505540542991349
"7","ARG",2002,"argentina",2.28189116859946,176588,2957202479,1804349481,NA,NA,1610000,25.8684978656634,19.6000003814697,-10.8944848285903,27569.5,0.00640519414570449
"8","ARG",2003,"argentina",2.11343012704174,184130,3133532964,2264012544,NA,NA,10370000,13.4428492915644,16.0300006866455,8.83704079576924,27569.5,0.00667875732240338
"9","ARG",2004,"argentina",2.14828209764919,183885,3707822011,3429867758,NA,NA,1820000,4.41571792341903,13.5220003128052,9.02957330210756,27569.5,0.0066698706904369
"10","ARG",2005,"argentina",2.1043956043956,185010,4570411052,4532215522,28509,NA,1360000,9.63939954620815,11.5059995651245,8.85165991941442,27569.5,0.00671067665354831
"11","ARG",2006,"argentina",1.97725284339458,163048,4119114845,4292133483,NA,NA,1970000,10.9011245348844,9.44999980926514,8.04715150365763,27569.5,0.00591407170967917
"12","ARG",2007,"argentina",2.22272727272727,170306,4344407421,5342303578,NA,NA,7820000,8.8314129888502,8.41499996185303,9.00765087916513,27569.5,0.00617733364769038
"13","ARG",2008,"argentina",2.24463118580766,154794,5401769038,6979889488,NA,NA,7170000,8.58401375161149,7.83699989318848,4.05723310237892,27569.5,0.00561468289232666
"14","ARG",2009,"argentina",2.73848987108656,172877,3680361388,5169636342,NA,NA,2620000,6.28277431483129,8.64500045776367,-5.91852508035115,27569.5,0.00627058887538766
"15","ARG",2010,"argentina",2.67085201793722,170512,3668828239,6125400096,30538,NA,3770000,10.7801154347422,7.71400022506714,10.1253981606364,27569.5,0.00618480567293567
"16","ARG",2011,"argentina",2.54343971631206,165029,4301136327,7810169307,NA,NA,9590000,9.46568627451001,7.17899990081787,6.00395168927028,27569.5,0.00598592647672247
"17","BOL",1996,"bolivia",3.00301659125189,40108,237415808,455671008,NA,NA,9.4e+07,12.4254866180049,5.23000001907349,4.361340293933,5715.66666666667,0.00701720417565755
"18","BOL",1997,"bolivia",3.47249647390691,48126,264119200,443446112,NA,NA,1.63e+08,4.70844436028189,2.07999992370605,4.95420874299724,5715.66666666667,0.00842001516300227
"19","BOL",1998,"bolivia",3.41021671826625,38686,303220320,550669824,NA,NA,92310000,7.67322895675089,2.67400002479553,5.02935475543072,5715.66666666667,0.00676841429987753
"20","BOL",2000,"bolivia",2.93707865168539,49889,349610408,406094789,5025,NA,97370000,4.60822998872605,4.80000019073486,2.50781080899483,5715.66666666667,0.0087284656208083
"21","BOL",2001,"bolivia",2.92307692307692,50986,188473598,314345421,NA,NA,119050000,1.58965377879563,5.40000009536743,1.68379912721825,5715.66666666667,0.00892039423805913
"22","BOL",2002,"bolivia",2.68986254295533,60578,193810867,276541093,NA,NA,127700000,0.928258851611168,5.40000009536743,2.48556573783829,5715.66666666667,0.0105985886744037
"23","BOL",2003,"bolivia",2.52276867030965,67488,235970086,302886591,NA,NA,248320000,3.3372749967153,5.4520001411438,2.71133983700673,5715.66666666667,0.0118075465095935
"24","BOL",2004,"bolivia",2.47384007897335,79951,359817146,260490170,NA,NA,137560000,4.43738080101715,4.30000019073486,4.17329558916248,5715.66666666667,0.013988044555899
"25","BOL",2005,"bolivia",2.52567693744164,61453,408675300,324536213,5682,NA,139610000,5.39323106890675,5.40000009536743,4.42143312687979,5715.66666666667,0.0107516766781361
"26","BOL",2006,"bolivia",2.5183527305282,74634,413801341,342292119,NA,NA,193090000,4.28554926648955,5.30000019073486,4.79700882356067,5715.66666666667,0.0130577943663615
"27","BOL",2007,"bolivia",2.58620689655172,66368,412981741,411795800,NA,NA,122390000,8.70624723083738,5.19999980926514,4.56428492474335,5715.66666666667,0.011611593864816
"28","BOL",2008,"bolivia",2.4463601532567,65635,479077128,525428091,NA,NA,123820000,14.0004075810067,2.90000009536743,6.14920768475669,5715.66666666667,0.0114833498571179
"29","BOL",2009,"bolivia",2.74716981132075,73196,409764212,588252096,NA,NA,101550000,3.34936982551394,3.40000009536743,3.35557170222604,5715.66666666667,0.0128062051670846
"30","BOL",2010,"bolivia",2.70067372473532,76893,690853245,733526362,6440,NA,60330000,2.50176702702374,5.98999977111816,4.12858694957501,5715.66666666667,0.013453023852569
"31","BOL",2011,"bolivia",2.74741784037559,81143,876631528,890199751,NA,NA,59070000,9.81268984137699,2.70000004768372,5.20162032774812,5715.66666666667,0.0141965941564122
"32","BRA",1995,"brazil",3.66634799235182,95864,8799186944,12751772672,108886,NA,-5e+06,66.0078763077923,9.90799999237061,4.41673135388506,127752.25,0.000750389914854729
"33","BRA",1996,"brazil",3.52145922746781,112188,9312372736,12631657472,NA,NA,-7e+06,15.7574360967244,11.1960000991821,2.20753552794351,127752.25,0.000878168486269322
"34","BRA",1997,"brazil",3.59383378016086,148955,9407879168,15243851776,NA,NA,0,6.92531694489086,11.5839996337891,3.39502863721179,127752.25,0.00116596772268199
"35","BRA",1998,"brazil",3.53938730853392,142442,9888893952,14318668800,NA,NA,-8810000,3.19859189123574,14.7410001754761,0.338356179270249,127752.25,0.00111498623311918
"36","BRA",2000,"brazil",2.86556603773585,200071,13389888579,13037379871,122354,NA,-57850000,7.04470245106286,13.9759998321533,4.11256490969873,127752.25,0.00156608592020884
"37","BRA",2001,"brazil",2.94660194174757,259499,14398230083,13050768718,NA,NA,-70750000,6.83783075713914,12.5369997024536,1.3898671662665,127752.25,0.00203126755106074
"38","BRA",2002,"brazil",2.57331863285557,277646,15559315191,10440316218,NA,NA,-37140000,8.45022069641981,13.0430002212524,3.05330373122146,127752.25,0.00217331592985642
"39","BRA",2003,"brazil",2.51808318264014,237921,16937180785,9731968193,NA,NA,-56080000,14.7153258264369,13.6759996414185,1.14100701302281,127752.25,0.00186236250242168
"40","BRA",2004,"brazil",2.53581395348837,283886,20403165980,11538691153,NA,NA,-57460000,6.59912484724249,12.8719997406006,5.75987600394781,127752.25,0.00222216047075492
"41","BRA",2005,"brazil",2.57860465116279,331036,22810092517,12854779946,134481,NA,-25930000,6.867349580267,11.3669996261597,3.20213521300201,127752.25,0.0025912342052684
"42","BRA",2006,"brazil",2.62487945998071,342977,24774417482,14856489424,NA,NA,-67860000,4.18368053152465,11.4919996261597,3.96190265641243,127752.25,0.00268470418329227
"43","BRA",2007,"brazil",2.71797235023041,344929,25335516490,18890854514,NA,NA,3850000,3.63702793370313,10.8590002059937,6.06987284607507,127752.25,0.00269998375762462
"44","BRA",2008,"brazil",2.65806451612903,334534,27734718957,25850906215,NA,NA,12330000,5.66309851932568,9.57299995422363,5.09434227022558,127752.25,0.00261861532771438
"45","BRA",2009,"brazil",2.87837837837838,356531,15744930250,20218083304,NA,NA,8140000,4.88640844429618,9.72999954223633,-0.125873061539252,127752.25,0.00279080016203237
"46","BRA",2010,"brazil",2.88055555555556,344714,19466060470,27276788977,145288,NA,20710000,5.03831694621168,8.48799991607666,7.52822356216525,127752.25,0.00269830081270584
"47","BRA",2011,"brazil",2.8783542039356,334121,25942952810,34241471267,NA,NA,29790000,6.63619865692984,7.78000020980835,3.97442540629392,127752.25,0.00261538250794017
"48","CHL",1995,"chile",3.69009314140559,31021,2138306048,3792839680,10124,NA,-4.9e+07,8.23263354574703,4.69999980926514,10.6275772210103,11704.25,0.00265040476749899
"49","CHL",1996,"chile",3.31520644511581,50191,2372537856,4109481216,NA,NA,-3e+06,7.3591146630276,6.32600021362305,7.41349152299138,11704.25,0.00428827135442254
"50","CHL",1997,"chile",3.56911344137274,90985,2439108864,4332188160,NA,NA,-3e+06,6.1338665153681,6.11800003051758,6.60557963279054,11704.25,0.00777367195676784
"51","CHL",1998,"chile",3.50827205882353,73691,2359673344,4025437952,NA,NA,-4640000,5.11024413312059,6.33699989318848,3.23087870862024,11704.25,0.00629608902749001
"52","CHL",2000,"chile",2.88172043010753,67337,3007750125,3273164884,11134,NA,-19050000,3.84327347283558,9.16199970245361,4.49579299699077,11704.25,0.00575320930431254
"53","CHL",2001,"chile",2.93767441860465,87187,3483646378,2976102392,NA,NA,-18120000,3.5691011338364,9.12800025939941,3.34818039063991,11704.25,0.00744917444518017
"54","CHL",2002,"chile",2.80213903743316,80852,3483302946,2548801473,NA,NA,-18440000,2.48939833123417,8.94400024414063,2.16690863388931,11704.25,0.00690791806395113
"55","CHL",2003,"chile",2.56725663716814,85669,3798900166,2764541025,NA,NA,-3020000,2.81017725948146,8.49699974060059,3.95674848137746,11704.25,0.007319477967405
"56","CHL",2004,"chile",2.70340501792115,84060,5019530397,3569886661,NA,NA,-1740000,1.05473933228722,8.8100004196167,6.04108673918763,11704.25,0.00718200653608732
"57","CHL",2005,"chile",2.60233393177738,92285,6715946089,5132565472,12240,NA,-120000,3.05257394340738,8.00399971008301,5.55945253083594,11704.25,0.00788474272166093
"58","CHL",2006,"chile",2.82506762849414,84369,9417622444,6176735603,NA,NA,-310000,3.39201899113599,7.68900012969971,4.40497269031522,11704.25,0.00720840720251191
"59","CHL",2007,"chile",2.63696682464455,88271,8678761919,7865466577,NA,NA,-1060000,4.40779790450222,7.13600015640259,5.16082559987021,11704.25,0.00754179037529103
"60","CHL",2008,"chile",2.61383285302594,91380,8052628928,11948859998,NA,NA,950000,8.71626854777147,7.7960000038147,3.29245489729399,11704.25,0.00780742038148536
"61","CHL",2009,"chile",2.97927927927928,84510,6225528058,8002008534,NA,NA,1840000,0.071761556116928,9.68900012969971,-1.0364317789294,11704.25,0.00722045410855031
"62","CHL",2010,"chile",2.94787985865724,90903,6920953909,10010606322,13319,NA,13110000,1.40996475088125,8.14200019836426,5.75370890864373,11704.25,0.00776666595467458
"63","CHL",2011,"chile",2.79197080291971,99430,9027166908,15106704419,NA,NA,3700000,3.340318008135,7.11899995803833,5.83964058346005,11704.25,0.00849520473332336
"64","COL",1996,"colombia",2.82154882154882,393367,4282930432,4854260224,NA,NA,1.7e+07,20.7980080710901,11.8100004196167,2.05585471214225,31544.3333333333,0.0124702904906322
"65","COL",1997,"colombia",3.41347905282332,381442,4379280896,5429896192,NA,NA,2.3e+07,18.4681275963536,12.1000003814697,3.43029367829288,31544.3333333333,0.0120922511174749
"66","COL",1998,"colombia",3.50706880301602,414887,4139680512,4721463296,NA,NA,47990000,18.6762015631768,15,0.569784089852092,31544.3333333333,0.0131525049401372
"67","COL",2000,"colombia",2.9698397737983,468192,6632131633,3902644244,28315,NA,105140000,9.22113343211148,20.5,4.41999299958138,31544.3333333333,0.0148423488635043
"68","COL",2001,"colombia",3.12944664031621,511901,5344533010,4442775378,NA,NA,274740000,7.96846804945689,15.039999961853,1.67789830770366,31544.3333333333,0.0162279860091089
"69","COL",2002,"colombia",3.17946345975948,561861,5328470375,4051198178,NA,NA,306260000,6.35012534911106,15.6330003738403,2.5039804654986,31544.3333333333,0.0178117886995023
"70","COL",2003,"colombia",2.83879781420765,529597,6160245384,4112709862,NA,NA,670850000,7.13118626852946,14.1890001296997,3.9182719036083,31544.3333333333,0.0167889742478839
"71","COL",2004,"colombia",2.84363957597173,499329,7042200950,4806760396,NA,NA,375560000,5.90467817271748,13.7170000076294,5.33302206745392,31544.3333333333,0.0158294358204855
"72","COL",2005,"colombia",2.84512085944494,554821,8851631432,6033241192,31465,NA,448940000,5.04811615294235,11.8699998855591,4.70655593383118,31544.3333333333,0.017588610738326
"73","COL",2006,"colombia",2.8382099827883,589118,9948229958,6960605270,NA,NA,719750000,4.29633343543375,11.6999998092651,6.69751525770528,31544.3333333333,0.018675874166517
"74","COL",2007,"colombia",2.83710801393728,603653,10609166832,8631114694,NA,NA,403500000,5.54375393515081,11.2040004730225,6.90062765541222,31544.3333333333,0.0191366542326673
"75","COL",2008,"colombia",2.85843920145191,603335,14288832815,11583018734,NA,NA,636090000,6.99699076613379,11.2729997634888,3.54680488578107,31544.3333333333,0.0191265731827164
"76","COL",2009,"colombia",3.01275045537341,617738,13123465721,9505791177,NA,NA,652340000,4.20293310803377,12.0659999847412,1.65154924529054,31544.3333333333,0.0195831686620946
"77","COL",2010,"colombia",3.00352733686067,648348,17143276691,10531812711,34853,NA,197600000,2.27822015828349,11.831000328064,3.97180070473753,31544.3333333333,0.0205535489734025
"78","COL",2011,"colombia",2.96507666098807,655096,21948534649,13663337645,NA,NA,495740000,3.41161612124441,10.8760004043579,6.58951151557115,31544.3333333333,0.0207674701214164
"79","CRI",1996,"costa rica",3.73806275579809,70023,1026635712,1651111808,NA,NA,-4.4e+07,17.5224945702762,6.16200017929077,1.23781629288095,3080.66666666667,0.022729820385198
"80","CRI",1997,"costa rica",4.00459242250287,60491,1894256640,2135442176,NA,NA,-3.2e+07,13.2314698699759,5.68100023269653,5.5649453335419,3080.66666666667,0.0196356849166847
"81","CRI",1998,"costa rica",4.16928251121076,74136,2101296000,3484021760,NA,NA,-25510000,11.6660934849642,5.3270001411438,6.96170008957814,3080.66666666667,0.0240649210127678
"82","CRI",2000,"costa rica",3.31362467866324,68960,2854425856,3095549696,2679,NA,-30560000,10.9925242865816,5.08199977874756,3.73453301020578,3080.66666666667,0.0223847652023372
"83","CRI",2001,"costa rica",3.23139534883721,72785,2342480128,3280160512,NA,NA,-29630000,11.226975511774,5.91499996185303,3.49046943167397,3080.66666666667,0.0236263795715213
"84","CRI",2002,"costa rica",3.15268817204301,62098,2509801728,3590102784,NA,NA,-23730000,9.16481579214049,6.33400011062622,3.29175319678092,3080.66666666667,0.020157325254274
"85","CRI",2003,"costa rica",2.91471215351812,71097,2733184556,3679593697,NA,NA,-21020000,9.44756481007714,6.55800008773804,4.25547625421324,3080.66666666667,0.0230784462237611
"86","CRI",2004,"costa rica",3.00754310344828,85515,2645959966,3596379754,NA,NA,-15050000,12.3150309270856,6.39099979400635,4.33657511051531,3080.66666666667,0.0277586020341917
"87","CRI",2005,"costa rica",2.97276688453159,95761,3060340638,3767192674,3100,NA,-12010000,13.7979752796936,6.57100009918213,3.8708730663126,3080.66666666667,0.0310845055182861
"88","CRI",2006,"costa rica",3.02792696025779,85370,3080218846,4385917125,NA,NA,-9600000,11.4705307105426,5.73999977111816,7.2377328058582,3080.66666666667,0.0277115342999351
"89","CRI",2007,"costa rica",2.76813186813187,87220,3269650163,4902825438,NA,NA,-2890000,9.35733138692841,4.48999977111816,8.16789611559992,3080.66666666667,0.0283120536680372
"90","CRI",2008,"costa rica",2.84971751412429,81181,3725071240,5846371649,NA,NA,-120000,13.4233563461578,4.7810001373291,4.64959868713939,3080.66666666667,0.0263517636875135
"91","CRI",2009,"costa rica",3.11354166666667,89232,3225996992,5305096986,NA,NA,-550000,7.84382584074434,7.71299982070923,-0.970548585385416,3080.66666666667,0.0289651590564813
"92","CRI",2010,"costa rica",3.04651162790698,75838,3384678655,6511661094,3463,NA,-390000,5.6602306512419,8.91699981689453,4.95186387594634,3080.66666666667,0.0246173988314218
"93","CRI",2011,"costa rica",3.05370569280344,76193,3911308226,8321502770,NA,NA,5370000,4.88301248136875,10.3090000152588,4.30710169954615,3080.66666666667,0.0247326336290846
"94","DOM",2004,"dominican rep.",3.12606837606838,716486,4027656709,2568126401,NA,NA,-4100000,51.4608598338066,18.3999996185303,1.31195821990448,6611.5,0.108369658927626
"95","DOM",2005,"dominican rep.",3.12823397075366,708455,4346860839,3728326721,6298,NA,18920000,4.19020260472054,18,9.26275007449469,6611.5,0.107154957271421
"96","DOM",2006,"dominican rep.",3.3971340839304,764930,4051647092,4501780034,NA,NA,30260000,7.57280523853077,16.3999996185303,10.6711548406755,6611.5,0.115696891779475
"97","DOM",2007,"dominican rep.",3.18144750254842,747885,3095994288,5374823659,NA,NA,4520000,6.14356655248047,15.6999998092651,8.71041411849795,6611.5,0.113118808137336
"98","DOM",2008,"dominican rep.",3.15676229508197,779249,3141094117,5696881758,NA,NA,24780000,10.6446210953712,14.1999998092651,3.20950426157955,6611.5,0.1178626635408
"99","DOM",2009,"dominican rep.",3.25278058645096,791593,2683750009,5090590392,NA,NA,14120000,1.44215131834341,14.8999996185303,0.946155167790636,6611.5,0.119729713378205
"100","DOM",2010,"dominican rep.",3.36649746192893,879884,2750742749,5907252802,6925,NA,35420000,6.32993220146146,12.3999996185303,8.3170677276553,6611.5,0.133083869016108
"101","DOM",2011,"dominican rep.",3.30957446808511,878858,3330862767,7555163063,NA,NA,27790000,8.46016880960163,14.6999998092651,3.10191731092932,6611.5,0.132928684867277
"102","ECU",1996,"ecuador",3.59354838709677,232671,1851442304,1174020480,NA,NA,1.2e+07,24.3730886850156,10.3800001144409,1.73174751447954,8967.66666666667,0.0259455451064937
"103","ECU",1998,"ecuador",3.68548387096774,265407,1637215232,1680187264,NA,NA,4410000,36.0984331623775,11.4899997711182,3.26652940374666,8967.66666666667,0.0295959930119318
"104","ECU",2000,"ecuador",3.10412926391382,260021,1828213420,883563541,8066,NA,47060000,96.0941136930837,9,1.0918015643576,8967.66666666667,0.0289953908486042
"105","ECU",2001,"ecuador",3.17415730337079,274268,1781233162,1326442066,NA,NA,55200000,37.6780209421415,10.710000038147,4.01562989958492,8967.66666666667,0.0305840984276846
"106","ECU",2002,"ecuador",3.24317406143345,296796,2052005287,1480871938,NA,NA,65030000,12.4840185721018,9.06999969482422,4.09677665885357,8967.66666666667,0.0330962346206743
"107","ECU",2003,"ecuador",2.81857638888889,376392,2451554065,1227569542,NA,NA,72590000,7.92941000523412,11.4399995803833,2.72287733695474,8967.66666666667,0.0419721220681708
"108","ECU",2004,"ecuador",3.02821869488536,326931,3264954001,1323167075,NA,NA,74480000,2.74218132941648,8.55000019073486,8.21102091734038,8967.66666666667,0.0364566405233617
"109","ECU",2005,"ecuador",2.86077140169332,345204,4941481388,1842724585,8944,NA,71330000,2.40776978315681,7.73999977111816,5.29130826699402,8967.66666666667,0.038494294316619
"110","ECU",2006,"ecuador",2.68334849863512,374086,6824752531,2738812104,NA,NA,70140000,3.03487429304916,7.69000005722046,4.40352643383186,8967.66666666667,0.0417149760249786
"111","ECU",2007,"ecuador",2.84879406307978,402294,5977818855,2794781549,NA,NA,42660000,2.2763012348689,6.09999990463257,2.19006397224541,8967.66666666667,0.0448604988291269
"112","ECU",2008,"ecuador",2.80618556701031,407371,8435396046,3748243609,NA,NA,46360000,8.40082543392804,7.30000019073486,6.3571305999083,8967.66666666667,0.0454266438687135
"113","ECU",2009,"ecuador",2.93045112781955,418907,4625857266,3962364517,NA,NA,52070000,5.15792399974339,6.46999979019165,0.566491592100093,8967.66666666667,0.0467130431550385
"114","ECU",2010,"ecuador",3.07522935779817,454921,6077495979,5736443463,9893,NA,23140000,3.55612380577122,5.01999998092651,3.52529866894027,8967.66666666667,0.0507290265026205
"115","ECU",2011,"ecuador",3.0363475177305,429316,9725734976,5138353016,NA,NA,31080000,4.47455385852787,4.21000003814697,7.86814091910996,8967.66666666667,0.0478737687246776
"116","ESP",1996,"spain",2.92372461614661,72666,4239523072,7609022464,NA,NA,0,3.55850658113472,22.1420001983643,2.67463906729668,37418,0.00194200652092576
"117","ESP",1997,"spain",3.13485374318295,99671,4649383936,7792524288,NA,NA,0,1.9707084918934,20.6979999542236,3.68961399843444,37418,0.00266371799668609
"118","ESP",2001,"spain",NA,79317,5060745079,7044178441,NA,NA,0,3.59110087564774,10.3479995727539,4.00106922543372,37418,0.00211975519803303
"119","ESP",2002,"spain",2.15797101449275,76773,5467988659,6819890351,NA,NA,0,3.06677727084195,11.1459999084473,2.87976212105769,37418,0.00205176652947779
"120","ESP",2003,"spain",NA,78690,6429120795,7721625067,NA,NA,0,3.03988488009918,11.2829999923706,3.18757147564497,37418,0.0021029985568443
"121","ESP",2004,"spain",NA,85930,7218302491,9323713420,NA,NA,0,3.03748621830208,11.0900001525879,3.16674650061206,37418,0.00229648832112887
"122","ESP",2006,"spain",2.22150139017609,85491,9453809655,10789955103,NA,NA,0,3.51537491125932,8.45199966430664,4.17411911565355,37418,0.0022847559997862
"123","ESP",2007,"spain",2.28177058543551,82165,10208026191,13802830205,NA,NA,0,2.78703047313632,8.23200035095215,3.76889526311305,37418,0.00219586829867978
"124","ESP",2008,"spain",2.42045987799155,80295,11134348600,16709311577,NA,NA,0,4.07566076368221,11.2550001144409,1.11597275474762,37418,0.00214589235127479
"125","ESP",2009,"spain",2.77803629595161,81533,7963358620,11816251381,NA,NA,0,-0.28799683500196,17.8570003509521,-3.57381203047768,37418,0.00217897803196323
"126","ESP",2010,"spain",2.71290478492025,84669,8665410777,12572256379,37418,NA,0,1.79988133046938,19.8600006103516,0.013786543593227,37418,0.00226278796301245
"127","GTM",1996,"guatemala",3.16934046345811,349505,746701696,1409370240,NA,NA,-1e+06,11.0569165321989,3.74799990653992,2.95777989859651,7232,0.0483275719026549
"128","GTM",1997,"guatemala",3.65882352941176,454803,841222784,1613563264,NA,NA,3.5e+07,9.23290294884919,2.57500004768372,4.3640899320559,7232,0.0628875829646018
"129","GTM",1998,"guatemala",4.02365591397849,474348,841759744,1962756224,NA,NA,33050000,6.61346070518056,2.52300000190735,4.99352782331637,7232,0.0655901548672566
"130","GTM",2000,"guatemala",3.08236658932715,460995,974733056,1939390464,6244,NA,57960000,5.97757734737144,1.39999997615814,3.60886874513247,7232,0.0637437776548673
"131","GTM",2001,"guatemala",3.01574803149606,443116,645058624,1969734400,NA,NA,63600000,7.28587366610138,1.29999995231628,2.33257418287644,7232,0.0612715707964602
"132","GTM",2002,"guatemala",3.10706638115632,510030,675006912,2199324160,NA,NA,64730000,8.13263054281045,3.13000011444092,3.86662650506631,7232,0.0705240597345133
"133","GTM",2003,"guatemala",3.01820388349515,523746,790886528,2944075264,NA,NA,67940000,5.60347675434471,3.40000009536743,2.53078994772957,7232,0.0724206305309734
"134","GTM",2004,"guatemala",3.004662004662,585201,860669418,3198685021,NA,NA,53540000,7.57862247309733,3.13000011444092,3.15208187177201,7232,0.0809182798672566
"135","GTM",2005,"guatemala",2.97540106951872,644669,2694229471,3558260926,7154,NA,38360000,9.10864985719213,2.47699999809265,3.26011101093661,7232,0.0891411780973451
"136","GTM",2006,"guatemala",2.917225950783,740986,1004967351,3698168680,NA,NA,67250000,6.56085282795407,1.79999995231628,5.3797767642231,7232,0.102459347345133
"137","GTM",2007,"guatemala",2.87939110070258,683807,2934363046,4728229348,NA,NA,45710000,6.82161753590302,2.5,6.30405653777618,7232,0.0945529590707965
"138","GTM",2008,"guatemala",2.70036101083033,743786,3048511642,5334624361,NA,NA,70350000,11.3557611263155,2.79200005531311,3.28107981555104,7232,0.102846515486726
"139","GTM",2009,"guatemala",2.93259803921569,790508,2953261317,4174414565,NA,NA,83890000,1.85910254733008,3.0789999961853,0.526043017746275,7232,0.109306969026549
"140","GTM",2010,"guatemala",2.82232346241458,797262,3283734538,5125631524,8298,NA,100500000,3.85950909833189,3.74000000953674,2.86948773712759,7232,0.110240873893805
"141","GTM",2011,"guatemala",2.85840707964602,844332,4224787668,6510430000,NA,NA,93080000,6.2153417631224,4.13000011444092,4.16204894619231,7232,0.116749446902655
"142","HND",1996,"honduras",3.75536480686695,194399,705977216,933216256,NA,NA,2.7e+07,23.8378353073359,4.36999988555908,3.59524972372158,4403.66666666667,0.0441448035727803
"143","HND",1997,"honduras",4.09209100758397,215555,956051456,1204381696,NA,NA,2.8e+07,20.1998667554963,3.3199999332428,4.9937186080496,4403.66666666667,0.0489489819090152
"144","HND",1998,"honduras",4.22148394241418,187387,898494784,1353002752,NA,NA,49180000,13.6681077485866,4.01999998092651,2.90158541571776,4403.66666666667,0.0425524941336765
"145","HND",2000,"honduras",3.34796926454446,296196,533280928,1151590144,3743,NA,110290000,11.0480349344975,3.8659999370575,5.74814817447076,4403.66666666667,0.0672612217091817
"146","HND",2001,"honduras",3.21192758253461,258627,483466304,962864128,NA,NA,201260000,9.66574911521859,4.09999990463257,2.72319327321382,4403.66666666667,0.0587299220346681
"147","HND",2002,"honduras",3.3765690376569,290514,466393222,1180158569,NA,NA,97250000,7.69886529455508,3.90000009536743,3.75433786119939,4403.66666666667,0.0659709333131481
"148","HND",2003,"honduras",3.17073170731707,295746,435186444,1250112543,NA,NA,70110000,7.67416639397921,5.19999980926514,4.54703805165396,4403.66666666667,0.0671590341382182
"149","HND",2004,"honduras",3.14551422319475,308363,526275971,1363433034,NA,NA,112080000,8.11379097093377,6,6.23230296069099,4403.66666666667,0.0700241465445462
"150","HND",2005,"honduras",3.24195223260644,387002,538618108,1628231558,4381,NA,88380000,8.80906074819819,4.19999980926514,6.05059922215976,4403.66666666667,0.0878817651956703
"151","HND",2006,"honduras",3.08130939809926,399371,981604275,2218509898,NA,NA,84100000,5.57775207654298,3.09999990463257,6.56724355177587,4403.66666666667,0.0906905608962228
"152","HND",2007,"honduras",3.05729166666667,422674,1023036674,2611705769,NA,NA,71100000,6.93621470895781,2.90000009536743,6.18832716678008,4403.66666666667,0.0959822874876996
"153","HND",2009,"honduras",3.17099567099567,459393,1059557684,2112564874,NA,NA,128760000,5.49202527836295,3.29999995231628,-2.43162787988014,4403.66666666667,0.104320566194838
"154","HND",2010,"honduras",3.24672489082969,518438,1208216557,2653454429,5087,NA,100840000,4.70054992947605,4.80000019073486,3.73114034433009,4403.66666666667,0.117728710922716
"155","HND",2011,"honduras",3.16374871266735,499987,1239533062,3670457949,NA,NA,46360000,6.76227957314734,4.40000009536743,3.83569066207508,4403.66666666667,0.113538793429718
"156","MEX",1995,"mexico",3.43497363796134,6960895,66338807808,53973135360,59036,NA,3e+06,34.9992750012079,6.88500022888184,-5.75868237989781,70223.25,0.099125218499571
"157","MEX",1996,"mexico",2.82954545454545,6894788,79771336704,67615404032,NA,NA,2.6e+07,34.3776581888577,5.24900007247925,5.87476668289335,70223.25,0.0981838351258308
"158","MEX",1997,"mexico",3.33228511530398,7298244,93018726400,83214057472,NA,NA,8e+06,20.6264843287042,4.05499982833862,6.96288880136974,70223.25,0.10392916875821
"159","MEX",1998,"mexico",3.30035971223022,7382352,101926633472,93306937344,NA,NA,7990000,15.9279950341401,3.57299995422363,4.70184241601579,70223.25,0.105126891734575
"160","MEX",2000,"mexico",2.92425695110259,8881831,146599589178,127689976239,66378,NA,23810000,9.49501913873587,2.56399989128113,5.29647383846377,70223.25,0.126479919399914
"161","MEX",2001,"mexico",2.84672131147541,9287675,136373541736,114059681973,NA,NA,41820000,6.36250034835955,2.53800010681152,-0.605492390087392,70223.25,0.132259258863695
"162","MEX",2002,"mexico",2.70692567567568,9889017,137963057176,106899862231,NA,NA,83970000,5.03108953086285,2.86400008201599,0.131917168641934,70223.25,0.140822548087706
"163","MEX",2003,"mexico",2.22861981371719,10078724,144696717331,105723446925,NA,NA,57490000,4.548137924153,2.96399998664856,1.42267124240306,70223.25,0.143524032282755
"164","MEX",2004,"mexico",2.23469387755102,10256938,166533178158,111262254142,NA,NA,42770000,4.68828287166274,3.66000008583069,4.2957142512237,70223.25,0.146061852733959
"165","MEX",2005,"mexico",2.50556983718937,10993851,183837712957,118973101839,73868,NA,128400000,3.98806073557596,3.55800008773804,3.03257365857694,70223.25,0.156555713385524
"166","MEX",2006,"mexico",2.51903435468895,11534972,212131772801,130809817420,NA,NA,153520000,3.62946322575936,3.56599998474121,4.94451434826912,70223.25,0.164261437629275
"167","MEX",2007,"mexico",2.67795138888889,11739560,223387835367,139930555055,NA,NA,83610000,3.96684962911701,3.64499998092651,3.20412301672219,70223.25,0.167174831697479
"168","MEX",2008,"mexico",2.583552055993,11451299,233793947984,151746429617,NA,NA,102530000,5.12498169213462,3.90400004386902,1.40029037023363,70223.25,0.1630699091825
"169","MEX",2009,"mexico",2.80221811460259,11478234,185448518572,112788739681,NA,NA,129430000,5.29735712654755,5.37900018692017,-4.70033886285106,70223.25,0.163453471606626
"170","MEX",2010,"mexico",2.55657773689052,11746539,238858911632,145450398186,81611,NA,205030000,4.15672783717606,5.3289999961853,5.11019848994358,70223.25,0.167274214736572
"171","MEX",2011,"mexico",2.79246935201401,11691630,274720112774,174878466067,NA,NA,372110000,3.40737961671249,5.19399976730347,4.04461387888595,70223.25,0.166492294218795
"172","NIC",1996,"nicaragua",3.69084423305589,242289,296277248,365209376,NA,NA,3e+07,11.6188717697548,14.8999996185303,6.34426830436543,3368.33333333333,0.0719314200890648
"173","NIC",1997,"nicaragua",4.22895277207392,242222,305378368,549133696,NA,NA,4.1e+07,9.22471229557843,13.3000001907349,3.96665097334412,3368.33333333333,0.0719115289460663
"174","NIC",1998,"nicaragua",3.97194163860831,173676,210811856,466785856,NA,NA,65480000,13.0384418689196,13.1999998092651,3.71168144753786,3368.33333333333,0.0515614052449282
"175","NIC",2000,"nicaragua",3.17139175257732,194609,247065280,418239872,2875,NA,72770000,9.873,9.80000019073486,4.10159015301244,3368.33333333333,0.0577760514596734
"176","NIC",2001,"nicaragua",3.28199791883455,214732,156093680,477413312,NA,NA,100560000,5.98604186279516,6.40000009536743,2.96084352899635,3368.33333333333,0.0637502226620485
"177","NIC",2002,"nicaragua",3.21361256544503,221883,184594112,496610272,NA,NA,66720000,3.75017465778472,12.1999998092651,0.753938940955962,3368.33333333333,0.0658732310737259
"178","NIC",2003,"nicaragua",2.95955056179775,228086,220909078,507436521,NA,NA,69630000,5.30238773219939,8,2.52073293609504,3368.33333333333,0.0677147946561108
"179","NIC",2004,"nicaragua",2.88027366020525,194768,293166950,499129940,NA,NA,69650000,8.47021063584074,6.69999980926514,5.31217052021333,3368.33333333333,0.0578232558139535
"180","NIC",2005,"nicaragua",2.92906976744186,223931,306774670,525364150,3350,NA,102610000,9.59909986064426,5.59999990463257,4.28239830528729,3368.33333333333,0.0664812469074716
"181","NIC",2006,"nicaragua",3.1384778012685,236445,353021088,624743842,NA,NA,67530000,9.14019966777714,5.30000019073486,4.15206956048218,3368.33333333333,0.0701964374072241
"182","NIC",2007,"nicaragua",3.10934182590234,233808,372104677,814660649,NA,NA,76530000,11.1269347446122,5,5.28776846402086,3368.33333333333,0.0694135576447303
"183","NIC",2008,"nicaragua",3.0495867768595,237659,1028381298,810865485,NA,NA,103530000,19.8262031287422,6.19999980926514,2.85171093467167,3368.33333333333,0.070556853043048
"184","NIC",2009,"nicaragua",3.12997658079625,256496,457595045,701675560,NA,NA,89340000,3.68700160498795,8.19999980926514,-2.7592101473913,3368.33333333333,0.0761492330529441
"185","NIC",2010,"nicaragua",3.02405498281787,246687,606558592,868550321,3880,NA,49360000,5.45485546150213,8,3.19129876590063,3368.33333333333,0.0732371103414151
"186","NIC",2011,"nicaragua",2.89179548156956,249037,694153439,949294636,NA,NA,59590000,8.08267265838036,7.4210000038147,6.23159456664668,3368.33333333333,0.0739347847600198
"187","PER",1995,"peru",3.86032028469751,262726,937516992,1911357696,15164,NA,8.1e+07,11.1287029707088,6.44299983978271,7.41139504735119,18051.5,0.0145542475694541
"188","PER",1996,"peru",3.40520833333333,219357,1159534720,2089269888,NA,NA,5.1e+07,11.5379424115177,7.07000017166138,2.79897307912609,18051.5,0.012151732543002
"189","PER",1997,"peru",3.72166105499439,238428,1597564160,2271226368,NA,NA,1.19e+08,8.56218948953649,7.69000005722046,6.47682442079709,18051.5,0.0132082098440573
"190","PER",1998,"peru",3.472647702407,215142,1835160064,2233221376,NA,NA,120960000,7.24782175213463,7.75,-0.391537555833821,18051.5,0.0119182339417777
"191","PER",2000,"peru",2.98545861297539,210673,1919880576,1736857216,16995,NA,92340000,3.7573383334447,7.34000015258789,2.69437139806912,18051.5,0.0116706644877157
"192","PER",2001,"peru",3.00351288056206,295998,1693549952,1691426816,NA,NA,161630000,1.97709878502052,7.88000011444092,0.617892325624297,18051.5,0.0163974184970778
"193","PER",2002,"peru",3.02849510240427,326323,1998085258,1440471541,NA,NA,143620000,0.193135003853759,7.69999980926514,5.45352893818767,18051.5,0.018077334293549
"194","PER",2003,"peru",2.8236316246742,332458,2434506328,1565757006,NA,NA,204360000,2.25937753363073,8.3100004196167,4.16502313666112,18051.5,0.0184171952469324
"195","PER",2004,"peru",2.88424717145344,330810,3730488582,1981511693,NA,NA,177910000,3.66247320092227,9.02999973297119,4.95820320611745,18051.5,0.0183259008946625
"196","PER",2005,"peru",2.87740164684355,371980,5257260432,2220132747,18959,NA,155190000,1.61630193862548,8.3100004196167,6.28506032509601,18051.5,0.0206065977896574
"197","PER",2006,"peru",2.8090405904059,375495,5707486624,2515690548,NA,NA,187260000,2.00225801248819,7.23999977111816,7.5288990440594,18051.5,0.0208013184499903
"198","PER",2007,"peru",2.80677655677656,414120,5585918233,3584154690,NA,NA,94080000,1.7799864468037,6.46999979019165,8.5183877690955,18051.5,0.022941029831316
"199","PER",2008,"peru",2.76101860920666,389790,5835264231,5647493840,NA,NA,9.4e+07,5.78587598206755,6.6399998664856,9.1265683014642,18051.5,0.0215932194000499
"200","PER",2009,"peru",2.8747572815534,395185,4603772868,4315354190,NA,NA,104390000,2.93623153596704,4.40000009536743,1.0958236592427,18051.5,0.0218920865302052
"201","PER",2010,"peru",2.91267605633803,430665,6134377397,5828209287,21088,NA,87030000,1.52832059732901,4,8.33245910749577,18051.5,0.023857574162812
"202","PER",2011,"peru",2.94267515923567,406008,6272045673,7429787666,NA,NA,94630000,3.37068502482801,3.90000009536743,6.32719240161117,18051.5,0.0224916488934438
"203","PRY",2000,"paraguay",2.74600355239787,12803,33653444,160198493,3298,NA,6410000,8.98215976750008,7.59999990463257,-2.31414603182645,3856.33333333333,0.00331999308496845
"204","PRY",2001,"paraguay",3.05017921146953,9279,29327468,128878105,NA,NA,6960000,7.2680602858484,7.59999990463257,-0.834057907901638,3856.33333333333,0.00240617166565822
"205","PRY",2002,"paraguay",2.79202772963605,20769,38036361,83578021,NA,NA,11240000,10.5102420856611,10.6999998092651,-0.0214019749150367,3856.33333333333,0.00538568588469185
"206","PRY",2003,"paraguay",2.48586572438163,12136,47477142,63965916,NA,NA,12170000,14.2367970499144,7.90000009536743,4.32074991793638,3856.33333333333,0.00314703085832829
"207","PRY",2004,"paraguay",2.63986013986014,16436,50121437,98599902,NA,NA,14830000,4.32326492967491,7.40000009536743,4.05741917094709,3856.33333333333,0.00426207969573861
"208","PRY",2005,"paraguay",2.54429133858268,16707,52184422,181796385,3843,NA,9150000,6.80738203116367,5.80000019073486,2.13348616671323,3856.33333333333,0.00433235370386377
"209","PRY",2006,"paraguay",2.6551724137931,15845,64571618,330784039,NA,NA,17630000,9.59130884635283,6.69999980926514,4.80712026158135,3856.33333333333,0.00410882530901547
"210","PRY",2007,"paraguay",2.66984126984127,17212,70045670,296805407,NA,NA,24900000,8.1287764350453,5.61999988555908,5.42162246303009,3856.33333333333,0.00446330711383871
"211","PRY",2008,"paraguay",2.76758409785933,14042,75176061,410407452,NA,NA,29670000,10.1545446607876,5.59000015258789,6.35911701955953,3856.33333333333,0.00364128273835249
"212","PRY",2009,"paraguay",2.90261044176707,15565,52908238,300522352,NA,NA,26520000,2.59194673430531,6.51000022888184,-3.96569588564739,3856.33333333333,0.00403621747774224
"213","PRY",2010,"paraguay",2.90345528455285,17119,66543478,444569209,4428,NA,27350000,4.65116279069801,5.67999982833862,13.0930036763176,3856.33333333333,0.00443919094130867
"214","PRY",2011,"paraguay",3.02189781021898,17193,111284355,660144283,NA,NA,31520000,8.25396825396855,5.51000022888184,4.34240708615224,3856.33333333333,0.00445838015385945
"215","SLV",1996,"el salvador",3.59116022099448,728561,197430608,1067522816,NA,NA,7.4e+07,9.78892040179975,7.69999980926514,1.70558908422987,4554.66666666667,0.159959235948478
"216","SLV",1998,"el salvador",4.37578288100209,791594,270036128,1197530624,NA,NA,39960000,2.54705977554152,7.30000019073486,3.74872616101325,4554.66666666667,0.173798448477752
"217","SLV",2000,"el salvador",3.49585062240664,789202,314927431,1323276242,4046,NA,36640000,2.27128756828728,7,2.1526524965072,4554.66666666667,0.173273272833724
"218","SLV",2001,"el salvador",3.20776255707763,787234,227794373,1324563164,NA,NA,50900000,3.75082057472018,7,1.70893639622891,4554.66666666667,0.17284118852459
"219","SLV",2002,"el salvador",3.23611111111111,856223,252055364,1308322909,NA,NA,62010000,1.86552503610075,6.19999980926514,2.34082274762719,4554.66666666667,0.187988070843091
"220","SLV",2003,"el salvador",3.12795698924731,872613,243827697,1493835556,NA,NA,72920000,2.12039091733331,6.90000009536743,2.30003827018751,4554.66666666667,0.191586577868852
"221","SLV",2004,"el salvador",3.16359696641387,931881,248370549,1513437763,NA,NA,114760000,4.45194392395044,6.80000019073486,1.85053558290625,4554.66666666667,0.204599165690867
"222","SLV",2005,"el salvador",3.10094637223975,988014,1818392746,2487016157,4542,NA,47020000,4.69094870903777,7.19999980926514,3.56281450102232,4554.66666666667,0.216923448477752
"223","SLV",2006,"el salvador",3.16036772216547,1042218,1976637285,2762117774,NA,NA,24540000,4.03712359429613,6.59999990463257,3.91194864459077,4554.66666666667,0.228824209601874
"224","SLV",2007,"el salvador",3.16824395373291,1108289,2029800443,3165135187,NA,NA,39040000,4.57808572377152,6.40999984741211,3.8397651770274,4554.66666666667,0.243330430327869
"225","SLV",2008,"el salvador",3.09497816593886,1078319,2243991118,3383670220,NA,NA,42370000,6.70792293515931,5.88000011444092,1.27422730111427,4554.66666666667,0.236750365925059
"226","SLV",2009,"el salvador",3.31290322580645,1157217,1802682889,2645335290,NA,NA,82080000,1.05595029731202,7.32999992370605,-3.13304628167124,4554.66666666667,0.254072819086651
"227","SLV",2010,"el salvador",3.09414225941423,1207128,2176016644,3115233819,5076,NA,148160000,0.907806937052341,7.05000019073486,1.36478366726975,4554.66666666667,0.265031030444965
"228","SLV",2011,"el salvador",3.40904311251314,1245458,2446463816,3804507889,NA,NA,162440000,5.12892376681616,6.61999988555908,2.21683561040105,4554.66666666667,0.273446574941452
"229","URY",1995,"uruguay",3.24895833333333,10495,126343112,283948000,2414,NA,1e+06,42.248319798376,10.0200004577637,-1.44759896425727,2572,0.00408048211508554
"230","URY",1996,"uruguay",3.29613733905579,24866,144143600,405640224,NA,NA,1e+06,28.3420486004305,10.8500003814697,5.57795775771004,2572,0.00966796267496112
"231","URY",1997,"uruguay",3.6,19486,162684800,433046656,NA,NA,1e+06,19.8188093183779,11.3999996185303,8.5476832324334,2572,0.00757620528771384
"232","URY",1998,"uruguay",3.3914373088685,34795,160245280,460881664,NA,NA,480000,10.8110703055616,9.77999973297119,4.5188900721635,2572,0.0135283825816485
"233","URY",2000,"uruguay",2.73662551440329,34054,191556922,339345188,2514,NA,340000,4.76382472733265,13.3299999237061,-1.92993063972195,2572,0.0132402799377916
"234","URY",2001,"uruguay",2.71400587659158,24205,176315401,273539922,NA,NA,-1670000,4.35934065217277,14.8999996185303,-3.84412996680351,2572,0.00941096423017107
"235","URY",2002,"uruguay",2.53778213935231,39036,140845684,165243136,NA,NA,-1740000,13.9724725913514,17,-7.73200721167176,2572,0.0151772939346812
"236","URY",2003,"uruguay",2.36488970588235,55476,251314090,167489933,NA,NA,-1900000,19.3797301743995,16.3500003814697,0.805283917375888,2572,0.0215692068429238
"237","URY",2004,"uruguay",2.31481481481481,44570,601187987,223901613,NA,NA,-1640000,9.15760507540984,15.2329998016357,5.00416036509026,2572,0.0173289269051322
"238","URY",2005,"uruguay",2.27398615232443,51737,791570966,260847240,2623,NA,-1540000,4.69927739035651,12.1999998092651,7.46013210559531,2572,0.0201154743390358
"239","URY",2006,"uruguay",2.6219401631913,48185,539433213,327837741,NA,NA,4e+05,6.39890343560698,10.5600004196167,4.09857736243519,2572,0.0187344479004666
"240","URY",2007,"uruguay",2.53656307129799,47934,505231582,415860598,NA,NA,520000,8.11421404176869,9.14999961853027,6.5415108477149,2572,0.0186368584758942
"241","URY",2008,"uruguay",2.43285123966942,47685,218869543,539613252,NA,NA,970000,7.86095172866856,7.70300006866455,7.17614466203757,2572,0.0185400466562986
"242","URY",2009,"uruguay",2.91988689915174,43828,187517347,568303134,NA,NA,960000,7.09916739560036,7.30000019073486,4.24349417792638,2572,0.0170404354587869
"243","URY",2010,"uruguay",2.85893719806763,52726,199114959,863115937,2737,NA,1130000,6.67638686804827,6.80000019073486,7.80340966844247,2572,0.0205
"244","URY",2011,"uruguay",2.58743961352657,43811,262048545,1108866955,NA,NA,1420000,8.09377520175548,6.32000017166138,5.16213302579712,2572,0.0170338258164852
"245","VEN",1995,"venezuela",3.73405405405405,41431,9645699072,4594488320,14126,NA,0,59.9191040193451,10.1999998092651,3.95166272391241,17317.75,0.00239240086038891
"246","VEN",1996,"venezuela",3.47836734693878,61870,13960679424,4001624832,NA,NA,0,99.8771422389461,12.3999996185303,-0.197837256663462,17317.75,0.00357263501320899
"247","VEN",1997,"venezuela",3.77534791252485,83881,13040852992,5981540352,NA,NA,0,50.0390698878177,10.6000003814697,6.37093140101881,17317.75,0.00484364308296401
"248","VEN",1998,"venezuela",3.72811918063315,92568,8775284736,6199020032,NA,NA,530000,35.7820152822163,11,0.29405516051952,17317.75,0.00534526713920688
"249","VEN",2000,"venezuela",3.11727078891258,91675,18442016768,5508501504,16196,NA,6820000,16.2048073102902,13.1999998092651,3.68694416687678,17317.75,0.00529370154898875
"250","VEN",2001,"venezuela",2.94487427466151,114842,14280293971,5572167600,NA,NA,10610000,12.5347237061409,12.8000001907349,3.39423610779073,17317.75,0.00663146193933969
"251","VEN",2002,"venezuela",2.95959595959596,122595,13562078629,3844923408,NA,NA,10930000,22.4327814066535,16.2000007629395,-8.85564735286779,17317.75,0.00707915289226372
"252","VEN",2003,"venezuela",2.76306306306306,140117,11074901579,2753955258,NA,NA,1.2e+07,31.0896739973325,16.7999992370605,-7.75530004959883,17317.75,0.00809094714960084
"253","VEN",2004,"venezuela",2.77799801783944,150983,24234611185,4579274896,NA,NA,9e+06,21.7476693010271,15,18.2866066891245,17317.75,0.00871839586551371
"254","VEN",2005,"venezuela",2.38159156279962,151350,25062594223,6897451983,18400,NA,8960000,15.9546308713812,11.3999996185303,10.3179138043148,17317.75,0.00873958799497625
"255","VEN",2006,"venezuela",2.19343065693431,157977,31268651377,7393287547,NA,NA,9780000,13.6626456363018,9.32999992370605,9.87214910851037,17317.75,0.00912225895396342
"256","VEN",2008,"venezuela",2.26244343891403,171725,26750541624,12651313331,NA,NA,9550000,31.4405986903652,6.84999990463257,5.27785412398782,17317.75,0.00991612651759033
"257","VEN",2009,"venezuela",2.75788497217069,159655,491097713,10545408639,NA,NA,11720000,27.0809414466132,8.05000019073486,-3.20230265749004,17317.75,0.00921915375842705
"258","VEN",2010,"venezuela",2.74683544303797,181574,970919357,9866017724,20549,NA,8390000,28.1874647092039,8.44999980926514,-1.48879125078348,17317.75,0.0104848493597609
"259","VEN",2011,"venezuela",2.73315363881402,198468,478413978,12778640040,NA,NA,8230000,26.0902123160959,7.84000015258789,4.17642535923927,17317.75,0.0114603802457017
